{"cameraMode":{"drawMode":0,"name":"Shaded","section":"Shading Mode"},"sceneLighting":false,"audioPlay":false,"sceneViewState":{"m_AlwaysRefresh":false,"showFog":true,"showSkybox":false,"showFlares":true,"showImageEffects":true,"showParticleSystems":true,"showVisualEffectGraphs":true,"m_FxEnabled":true},"in2DMode":false,"pivot":{"x":-15.07537841796875,"y":53.60598373413086,"z":-73.47825622558594},"rotation":{"x":-0.3581753671169281,"y":-0.0008440364035777748,"z":0.000321213185088709,"w":-0.9336627125740051},"size":10.852823257446289,"orthographic":false}