{"cameraMode":{"drawMode":0,"name":"Shaded","section":"Shading Mode"},"sceneLighting":false,"audioPlay":false,"sceneViewState":{"m_AlwaysRefresh":false,"showFog":true,"showSkybox":false,"showFlares":true,"showImageEffects":true,"showParticleSystems":true,"showVisualEffectGraphs":true,"m_FxEnabled":true},"in2DMode":false,"pivot":{"x":0.8458231687545776,"y":-7.300478458404541,"z":-52.338905334472659},"rotation":{"x":-0.00042256148299202323,"y":-0.9970557689666748,"z":0.0767354816198349,"w":-0.005376441869884729},"size":27.615110397338868,"orthographic":false}